Trial,DAS,Variable,Yield_r,Yield_p,PeakStand_r,PeakStand_p
24110,8,ExG,0.2688637431,0.2516973892,0.2734352862,0.2434124038
24110,8,ExR,-0.044176372,0.8532828629,-0.194701126,0.4107467365
24110,8,GNDVI,0.0103546753,0.9654411041,0.2942749293,0.2078816754
24110,8,HA,0.2099863042,0.3742255311,0.4174204862,0.0670712419
24110,8,NDRE,-0.252538022,0.2827343785,-0.299572398,0.1994297768
24110,8,NDVI,0.1272394012,0.5929449346,0.1697032349,0.4744344076
24110,8,PlantCount,0.3655256268,0.1130032888,0.5962099901,0.0055293424
24110,8,SAVI,0.1272379467,0.592949196,0.1696999561,0.4744430719
24110,8,Thresh,0.2681530211,0.2530013631,0.5872164152,0.0064851199
24110,13,ExG,-0.18615702,0.4319728865,-0.37159064,0.1067058049
24110,13,ExR,-0.150206664,0.5273256728,-0.511632066,0.0211162227
24110,13,GNDVI,-0.018690602,0.9376600633,0.2223046443,0.346180673
24110,13,HA,0.3518161731,0.1282156302,0.5520644519,0.0116086718
24110,13,NDRE,-0.092900778,0.6968636735,-0.122245763,0.6076501157
24110,13,NDVI,-0.158841181,0.5035679321,-0.159061035,0.5029698324
24110,13,PlantCount,0.6156073606,0.0038580353,0.6398366648,0.0023798235
24110,13,SAVI,-0.218294102,0.3551736489,-0.029854444,0.9005682645
24110,13,Thresh,0.0471081546,0.8436571829,0.6458408543,0.0020980931
24110,23,ExG,-0.383783556,0.0948208646,0.4277075141,0.0599506021
24110,23,ExR,-0.185445441,0.433766419,-0.521559169,0.0183494564
24110,23,GNDVI,0.1850354832,0.4348014982,0.636476137,0.00255083
24110,23,HA,0.4084422301,0.0737897359,0.0049099369,0.9836093745
24110,23,NDRE,0.3260419578,0.1606462618,0.6910021804,0.0007418697
24110,23,NDVI,0.0630276887,0.7917944351,0.6677316301,0.0012949375
24110,23,PlantCount,0.6006269899,0.0051042841,-0.030690154,0.8977986639
24110,23,SAVI,-0.229848618,0.3296280042,0.2913099874,0.2127141562
24110,23,Thresh,-0.169233891,0.4756754751,0.6274563744,0.0030611691
24110,27,ExG,-0.135351758,0.5693800725,0.6272920507,0.0030711998
24110,27,ExR,-0.433023909,0.0565028785,-0.780865241,0.0000483909
24110,27,GNDVI,0.2781436196,0.2350647078,0.5101298015,0.0215623472
24110,27,HA,0.4836481378,0.0307306012,0.4754198056,0.0341274714
24110,27,NDRE,0.4027934509,0.0782667223,0.5021995433,0.0240429962
24110,27,NDVI,0.2706907766,0.2483649876,0.740017055,0.0001914279
24110,27,PlantCount,0.3617548804,0.1170509145,-0.147832829,0.5339474202
24110,27,SAVI,0.2706857601,0.2483740986,0.7400129399,0.0001914519
24110,27,Thresh,0.1476833366,0.5343657061,0.802509716,0.000020668
24110,35,ExG,0.1722536979,0.4677188326,0.8828274889,2.5654434E-7
24110,35,ExR,-0.368446236,0.1099381957,-0.896923017,8.5365224E-8
24110,35,GNDVI,0.5091021627,0.0218718125,0.7898250596,0.0000344319
24110,35,HA,-0.206770735,0.3817516107,-0.751096687,0.0001352466
24110,35,NDRE,0.5910585123,0.0060614554,0.5264004256,0.0171095679
24110,35,NDVI,0.492427865,0.027404454,0.8539338382,1.6706761E-6
24110,35,PlantCount,0.0949048494,0.6906308056,-0.552016775,0.0116173612
24110,35,SAVI,,,,
24110,35,Thresh,0.4652302512,0.0387321573,0.9242582988,5.9051476E-9
24110,40,ExG,0.0029453908,0.9901671272,0.8541361791,1.6512419E-6
24110,40,ExR,-0.260453235,0.2674035391,-0.884620069,2.2482684E-7
24110,40,GNDVI,0.4366455956,0.0542419458,0.9190560234,1.0530967E-8
24110,40,HA,0.0108177121,0.9638966549,-0.154722529,0.5148355132
24110,40,NDRE,0.4635968465,0.0395130488,0.6135207011,0.0040147372
24110,40,NDVI,0.4033627726,0.0778065713,0.9881929512,4.057997E-16
24110,40,PlantCount,0.0637816745,0.7893571017,-0.28553519,0.2223376109
24110,40,SAVI,0.4031457144,0.0779817694,0.9882607645,3.853934E-16
24110,40,Thresh,0.3786979766,0.0996539969,1,0
24111,8,ExG,-0.064097373,0.7883371316,-0.058166583,0.8075522034
24111,8,ExR,0.0771432716,0.7464958759,0.2542383126,0.2793961637
24111,8,GNDVI,-0.144768183,0.5425524822,-0.020610774,0.9312694164
24111,8,HA,0.2823702792,0.2277306745,-0.028371355,0.9054860341
24111,8,NDRE,-0.158783685,0.503724403,-0.124303983,0.6015710859
24111,8,NDVI,-0.067861712,0.7762011633,0.0445726305,0.8519806635
24111,8,PlantCount,0.2505513833,0.2866659326,-0.012298897,0.958957051
24111,8,SAVI,-0.06785131,0.776234632,0.0445929633,0.851913855
24111,8,Thresh,0.1633838667,0.4912799501,0.0278212361,0.9073110244
24111,13,ExG,0.5086376435,0.0220128512,0.3581137233,0.1210571049
24111,13,ExR,-0.332215384,0.1524099545,-0.302056681,0.1955463825
24111,13,GNDVI,0.3429588573,0.1387851836,0.449770726,0.0466215738
24111,13,HA,0.4173784559,0.0671015818,0.8081502697,0.000016279
24111,13,NDRE,0.2245058642,0.3413016947,0.5234852309,0.017847855
24111,13,NDVI,0.4694545941,0.0367680618,0.4962454906,0.0260497643
24111,13,PlantCount,0.0952469253,0.6895688141,0.4419003282,0.0510849156
24111,13,SAVI,0.4336608309,0.0561001622,0.4855832155,0.0299716522
24111,13,Thresh,0.4881280847,0.0289960156,0.4455757887,0.0489616068
24111,23,ExG,0.50660966,0.0226370733,0.7573039031,0.0001104621
24111,23,ExR,-0.440108914,0.0521449867,-0.63007729,0.0029048282
24111,23,GNDVI,0.5897927199,0.0061984438,0.6889733391,0.0007803219
24111,23,HA,0.0116179271,0.9612278501,0.0943129465,0.6924697113
24111,23,NDRE,0.5754796062,0.0079322669,0.513610365,0.0205399605
24111,23,NDVI,0.5872849883,0.0064773511,0.73479365,0.0002241822
24111,23,PlantCount,0.0859226969,0.7187102661,-0.156145282,0.5109297434
24111,23,SAVI,0.582260159,0.0070672293,0.7781442627,0.0000534956
24111,23,Thresh,0.5543006039,0.0112069912,0.7290345629,0.0002657366
24111,27,ExG,0.5167905814,0.0196398856,0.6429731044,0.0022289587
24111,27,ExR,-0.558587464,0.0104684359,-0.610409347,0.0042581492
24111,27,GNDVI,0.6344013438,0.0026614359,0.6732778005,0.0011388799
24111,27,HA,0.3564198196,0.1229538327,0.6582638147,0.0016028698
24111,27,NDRE,0.5204795697,0.0186355008,0.4850792574,0.0301678759
24111,27,NDVI,0.6067051377,0.0045637307,0.6740328683,0.0011189146
24111,27,PlantCount,0.2227826114,0.3451178311,0.2295389197,0.3302981497
24111,27,SAVI,0.6067055618,0.0045636947,0.6740326684,0.0011189198
24111,27,Thresh,0.5829816757,0.0069799209,0.654653539,0.0017354346
24111,35,ExG,0.4853885327,0.0300473358,0.8615761826,1.0605735E-6
24111,35,ExR,-0.63966144,0.0023884971,-0.908523615,3.0444477E-8
24111,35,GNDVI,0.616326837,0.003805194,0.8611795042,1.0865949E-6
24111,35,HA,-0.062562249,0.7932999469,-0.063492826,0.7902906116
24111,35,NDRE,0.3243728866,0.1629247996,0.4178266658,0.0667785683
24111,35,NDVI,0.6058467793,0.0046370663,0.8787650683,3.4331947E-7
24111,35,PlantCount,0.0017877598,0.9940316676,-0.228221271,0.333158362
24111,35,SAVI,,,,
24111,35,Thresh,0.5911207951,0.0060547797,0.8861179974,2.01016E-7
24111,40,ExG,0.5061680971,0.0227748313,0.8965713732,8.7905909E-8
24111,40,ExR,-0.467866135,0.0374973094,-0.770100018,0.0000713943
24111,40,GNDVI,0.589572412,0.006222544,0.9315381679,2.4433525E-9
24111,40,HA,0.3707908616,0.1075213572,0.6548064922,0.0017296377
24111,40,NDRE,0.2500496693,0.2876641307,0.3707917567,0.1075204419
24111,40,NDVI,0.5885146174,0.0063393339,0.9838935515,6.53546E-15
24111,40,PlantCount,0.3210860616,0.1674766919,0.5343988352,0.0152087833
24111,40,SAVI,0.5882698533,0.0063666127,0.9838119743,6.837457E-15
24111,40,Thresh,0.6199511502,0.0035480422,1,0
24112,8,ExG,0.3489686589,0.1852530622,0.4761316918,0.0622714311
24112,8,ExR,0.0917725101,0.7353429364,-0.078106174,0.7737138069
24112,8,GNDVI,-0.144988273,0.592128918,0.1227386812,0.6506578571
24112,8,HA,0.5128337793,0.0422187744,0.5575288169,0.0248407379
24112,8,NDRE,-0.095801039,0.7241388344,0.1069620876,0.6933768301
24112,8,NDVI,-0.072828615,0.7886692607,0.1869366739,0.4881584034
24112,8,PlantCount,0.4872104716,0.0556039638,0.5613906919,0.0236499651
24112,8,SAVI,-0.072816598,0.7887033937,0.1869364134,0.4881590205
24112,8,Thresh,0.5473064355,0.0282152225,0.5443133097,0.0292665837
24112,13,ExG,0.6609925956,0.0053055384,0.5430963184,0.029702502
24112,13,ExR,-0.598768862,0.0142569547,-0.328068842,0.2147842791
24112,13,GNDVI,0.2780506183,0.2970747297,0.5028831287,0.047092737
24112,13,HA,0.513596654,0.0418613903,0.8947531785,2.8920766E-6
24112,13,NDRE,-0.140065331,0.6048932349,0.1504785777,0.5780248125
24112,13,NDVI,0.6300704035,0.0088948394,0.7320768191,0.0012630247
24112,13,PlantCount,0.6278789707,0.0092080961,0.6091279204,0.0122598419
24112,13,SAVI,0.2948389215,0.2676191526,0.5180182923,0.0398345174
24112,13,Thresh,0.8039954872,0.0001743865,0.62273069,0.009978372
24112,23,ExG,0.7727158956,0.0004494669,0.6264050157,0.0094236507
24112,23,ExR,-0.62250201,0.0100137291,-0.572909104,0.0203576966
24112,23,GNDVI,0.651065604,0.0063006166,0.7148163064,0.0018583071
24112,23,HA,0.013028235,0.9618061409,0.8291530697,0.0000715883
24112,23,NDRE,0.367054844,0.1619601238,0.6227141042,0.0099809331
24112,23,NDVI,0.6845870295,0.0034379698,0.6958464012,0.002756891
24112,23,PlantCount,-0.157318472,0.5606533141,0.5264197201,0.0361877969
24112,23,SAVI,0.8351343317,0.0000567298,0.563374345,0.0230556485
24112,23,Thresh,0.7423131978,0.0009908561,0.6876826559,0.0032385136
24112,27,ExG,0.6897757509,0.0031090197,0.7286920571,0.0013653927
24112,27,ExR,-0.758197498,0.0006647977,-0.713799219,0.0018994734
24112,27,GNDVI,0.7268364279,0.0014243233,0.7206027358,0.0016376662
24112,27,HA,0.0424580384,0.8759345311,0.8537654303,0.0000258164
24112,27,NDRE,0.7447167766,0.0009344831,0.7027859535,0.0023945915
24112,27,NDVI,0.7171571189,0.0017663129,0.7475446174,0.0008715503
24112,27,PlantCount,-0.368773535,0.1598541016,0.425219357,0.1006037051
24112,27,SAVI,0.717157222,0.0017663089,0.7475440061,0.0008715635
24112,27,Thresh,0.7294662366,0.001341402,0.7363246884,0.0011435059
24112,35,ExG,0.4681380535,0.0674338908,0.8985204906,2.2639958E-6
24112,35,ExR,-0.632577027,0.0085469274,-0.810550881,0.0001400209
24112,35,GNDVI,0.6335236994,0.0084183712,0.8157100742,0.0001171144
24112,35,HA,-0.450341822,0.0800381416,0.4890837723,0.0545309357
24112,35,NDRE,0.7939005119,0.0002408128,0.4411004372,0.0872144945
24112,35,NDVI,0.5213996615,0.0383350171,0.8942928167,2.9780392E-6
24112,35,PlantCount,-0.643307299,0.0071773951,0.3547804614,0.1775414982
24112,35,SAVI,,,,
24112,35,Thresh,0.4640882688,0.0701653557,0.9089533655,1.0900468E-6
24112,40,ExG,0.3150232208,0.2346608998,0.9500758155,1.8156014E-8
24112,40,ExR,-0.422443173,0.1030854393,-0.818670282,0.000105444
24112,40,GNDVI,0.602404394,0.0135290828,0.8413338141,0.0000441413
24112,40,HA,0.228770941,0.3940804205,0.7067132533,0.0022073013
24112,40,NDRE,0.3830459903,0.1430733515,0.1544721894,0.5678547792
24112,40,NDVI,0.4270286482,0.0990092327,0.9838861151,7.249517E-12
24112,40,PlantCount,0.147547308,0.585537528,0.4459668733,0.0833803315
24112,40,SAVI,0.4271150092,0.0989335757,0.9838136866,7.47928E-12
24112,40,Thresh,0.3710066344,0.157145305,1,0
